书名,原版年份,文体,关键词,英文版,日文版,Status,备注,格式
且听风吟,1979,"[""小说""]",[],Hear the Wind Sing  英文有书 与弹子球合本+pdf带页码,風の歌を聴け 有日文各种格式,Not started,,"[""epub"",""PDF""]"
1973年的弹子球,1980,"[""小说""]",[],"Pinball, 1973",1973年のピンボール  有日文epub,Not started,,"[""epub"",""PDF""]"
街和不确定的墙壁,1980,"[""中篇""]",[],,街と、その不確かな壁 有国立国会图书馆影印版,Not started,,"[""实体书""]"
寻羊冒险记,1982,"[""小说""]",[],A Wild Sheep Chase 英文有实体书+PDF带页码,羊をめぐる冒険 有日文epub,Not started,,"[""epub"",""PDF""]"
去中国的小船,1983,"[""短篇集""]",[],The Elephant Vanishes 有epub 英文实体书有,中国行きのスロウ·ボート,Not started,,"[""PDF"",""epub""]"
遇见百分之百的女孩,1983,"[""短篇集""]",[],,カンガルー日和,Not started,,"[""PDF"",""epub""]"
象厂喜剧,1983,"[""散文随笔""]",[],,象工場のハッピーエンド,In progress,,"[""PDF""]"
村上朝日堂,1984,"[""散文随笔""]",[],,村上朝日堂,Not started,,"[""PDF""]"
萤·烧仓房,1984,"[""短篇集""]",[],,螢·納屋を焼く·その他の短編,Not started,,"[""epub"",""PDF""]"
旋转木马鏖战记,1985,"[""短篇集""]",[],,回転木馬のデッド·ヒート,Not started,,"[""epub"",""PDF""]"
世界尽头与冷酷仙境,1985,"[""小说""]",[],Hard-Boiled Wonderland and the End of the World  有实体书+pdf带页码,世界の終りとハードボイルド·ワンダーランド  原文有txt,Not started,,"[""epub"",""PDF""]"
羊男的圣诞节,1985,"[""短篇"",""童话"",""绘本""]",[],,羊男のクリスマス,Not started,,"[""PDF""]"
村上朝日堂反击,1986,"[""散文随笔""]",[],,村上朝日堂の逆襲,Not started,,"[""实体书""]"
兰格汉斯岛的午后,1986,"[""散文随笔""]",[],,ランゲルハンス島の午後,Not started,,"[""实体书""]"
再袭面包店,1986,"[""短篇集""]",[],,パン屋再襲撃 有日文pdf,Not started,,"[""epub"",""PDF""]"
日出国的工厂,1987,"[""散文随笔""]",[],,日出る国の工場,Not started,,"[""PDF""]"
碎片：怀念的1980年,1987,"[""散文随笔""]",[],,"'The Scrap', 懐かしの一九八〇年代",Not started,,"[""PDF""]"
挪威的森林,1987,"[""小说""]",[],Norwegian Wood 有实体书和Pdf（带页码）,ノルウェイの森 有epub,Not started,,"[""epub"",""PDF""]"
舞舞舞,1988,"[""小说""]",[],Dance Dance Dance 有实体书,ダンス·ダンス·ダンス 有epub,Not started,,"[""epub"",""PDF""]"
村上朝日堂嗨嗬,1989,"[""散文随笔""]",[],,村上朝日堂 はいほー！,Not started,,"[""PDF""]"
电视人,1990,"[""短篇集""]",[],"Blind Willow, Sleeping Woman 有epub",TVピープル,Not started,,"[""epub"",""PDF""]"
雨天炎天,1990,"[""游记""]",[],,雨天炎天,Not started,,"[""epub""]"
远方的鼓声,1990,"[""游记""]",[],,遠い太鼓,Not started,,"[""epub"",""PDF""]"
村上春树全作品1990-2000 第三册,1990-2000,"[""全集""]",[],,,Not started,,"[""实体书""]"
村上春树全作品1990-2000 第一册,1990-2000,"[""全集""]",[],,,Not started,,"[""实体书""]"
国境以南，太阳以西,1992,"[""小说""]",[],"South of the Border, West of the Sun  有实体书+PDF带页码",国境の南、太陽の西 有epub,Not started,,"[""epub"",""PDF""]"
终究悲哀的外国语,1994,"[""散文随笔""]",[],,やがて哀しき外国語 有实体书,Not started,,"[""PDF"",""epub""]"
奇鸟行状录,1994（前两部）-1995（第三部）,"[""小说""]",[],The Wind-Up Bird Chronicle 有实体书+pdf带页码,ねじまき鳥クロニクル,Not started,,"[""epub"",""PDF""]"
夜之蜘蛛猴,1995,"[""散文随笔""]",[],,夜のくもざる,Not started,,"[""PDF""]"
列克星敦的幽灵,1996,"[""短篇集""]",[],"Blind Willow, Sleeping Woman",レキシントンの幽霊,Not started,,"[""epub"",""PDF""]"
村上朝日堂日记：漩涡猫的找法,1996,"[""散文随笔""]",[],,うずまき猫のみつけかた,Not started,,"[""epub"",""PDF""]"
村上春树去见河合隼雄,1996,"[""对谈""]",[],Haruki Murakami Goes to Meet Hayao Kawai,村上春樹、河合隼雄に会いにいく,Not started,,"[""PDF""]"
地下,1997,"[""纪实""]",[],UNDERGROUND: THE TOKYO GAS ATTACK AND THE JAPANESE PSYCHE  有epub+PDF带页码,アンダーグラウンド,Not started,,"[""PDF"",""epub""]"
地下2 应许之地,1998,"[""纪实""]",[],同上,約束された場所で―underground 2,Not started,,"[""epub""]"
边境·近境,1998,"[""游记""]",[],,辺境·近境 有原版实体书,Not started,,"[""PDF"",""实体书""]"
斯普特尼克恋人,1999,"[""小说""]",[],Sputnik Sweetheart 有实体书+PDF带页码,スプートニクの恋人 有epub,Not started,,"[""epub"",""PDF""]"
如果我们的语言是威士忌,1999,"[""游记""]",[],,もし僕らのことばがウィスキーであったなら,Not started,,"[""epub""]"
神的孩子全跳舞,2000,"[""短篇集""]",[],after the quake 有epub和实体书+PDF带页码,神の子どもたちはみな踊る,Not started,,"[""epub"",""PDF""]"
悉尼！,2001,"[""纪实""]",[],,シドニー!,Not started,,[]
村上收音机,2001,"[""散文随笔""]",[],,村上ラジオ,Not started,,"[""实体书""]"
海边的卡夫卡,2002,"[""小说""]",[],Kafka on the Shore 有PDF 带页码,海辺のカフカ 有PDF,Not started,,"[""epub"",""PDF""]"
天黑以后,2004,"[""小说""]",[],After Dark,アフターダーク,Not started,,"[""epub"",""PDF""]"
东京奇谭集,2005,"[""短篇集""]",[],,東京奇譚集,Not started,,"[""epub"",""PDF""]"
象的失踪 短篇选集1980-1991,2005,"[""短篇集""]",[],The elephant vanishes: stories 有实体书+pdf带页码,象の消滅 短篇選集 1980-1991,Not started,,"[""PDF""]"
没有意义就没有摇摆,2005,"[""散文随笔""]",[],It Ain't Got that Swing (If It Don't Mean a Thing),意味がなければスイングはない 有实体书,Not started,,"[""epub"",""PDF""]"
当我谈跑步时，我在谈些什么,2007,"[""散文随笔""]",[],What I Talk About When I Talk About Running  （有英文pdf epub 无页码）,走ることについて語るときに僕の語ること  有日文epub,Not started,,"[""epub""]"
The Paris Review Interviews vol.4,2009,"[""访谈""]",[],,,Not started,,[]
1Q84,2009-2010,"[""小说""]",[],1Q84 有实体书+pdf（123合本/book3单本）,1Q84 有epub,Not started,,"[""epub"",""PDF""]"
村上朝日堂是如何锻造的,2010,"[""散文随笔""]",[],,村上朝日堂はいかにして鍛えられたか,Not started,,"[""PDF""]"
夢を見るために毎朝僕は目覚めるのです：村上春樹インタビュー集 1997-2011,2010,"[""访谈""]",[],,,Not started,访谈集,"[""实体书""]"
杂文集 无比芜杂的心绪,2011,"[""散文随笔""]",[],,村上春樹 雑文集,Not started,,"[""epub"",""PDF""]"
村上收音机2 大萝卜和难挑的鳄梨,2011,"[""散文随笔""]",[],,おおきなかぶ、むずかしいアボカド 村上ラヂオ2,Not started,,"[""epub""]"
不时髦的村上春树（王光波）,2011,"[""杂论""]",[],,,Not started,是个人化散文式论集 可以引用甚至不说出处 采用一些其中的叙述,"[""实体书""]"
村上收音机3 爱吃沙拉的狮子,2012,"[""散文随笔""]",[],,サラダ好きのライオン 村上ラヂオ3,Not started,,"[""epub"",""PDF""]"
没有色彩的多崎作和他的巡礼之年,2013,"[""小说""]",[],Colorless Tsukuru Tazaki and His Years of Pilgrimage 有实体书+PDF带页码,色彩を持たない多崎つくると、彼の巡礼の年 有epub,Not started,,"[""PDF""]"
没有女人的男人们,2014,"[""短篇集""]",[],Man Without Women 有epub和实体书,女のいない男たち,Not started,,"[""epub"",""PDF""]"
我的职业是小说家,2015,"[""散文随笔""]",[],Novelist as a Vocation 有epub,職業としての小説家 有实体书,Not started,,"[""epub"",""PDF""]"
你说，寮国到底有什么,2015,"[""游记""]",[],,ラオスにいったい何があるというんですか?,Not started,,"[""实体书""]"
图书馆奇谈,2015,"[""绘本""]",[],The Strange Library 有epub,ふしぎな図書館,Not started,,"[""epub"",""PDF""]"
林少华看村上：村上文学35年,2016,"[""杂论""]",[],,,Not started,可以作泛泛的参考 主要后面收集演讲和比如写给中国读者的信,"[""实体书""]"
樱园沉思：从夏目漱石到村上春树,2017,"[""学术"",""散文随笔""]",[],,,Not started,村上 挪威的森林爱情观一章,"[""实体书""]"
刺杀骑士团长,2017,"[""小说""]",[],Killing Commendatore 有实体书+pdf带页码,騎士団長殺し 有epub,Not started,,"[""epub""]"
猫头鹰在黄昏起飞,2017,"[""对谈""]",[],,みみずくは黄昏に飛びたつ,Not started,,"[""epub"",""PDF""]"
弃猫,2020,"[""散文随笔""]",[],Abandoning a Cat: Memories of my Father 有英文翻译 在网页上,猫を棄てる　父親について語るとき 有日文书,Not started,,"[""实体书""]"
村上春树辞典,2020,"[""杂论""]",[],,,Not started,,"[""实体书""]"
第一人称单数 简繁体版都有,2020,"[""短篇集""]",[],First Person Singular 有实体书+PDF带页码,一人称単数,Not started,,"[""实体书"",""epub""]"
村上T：我喜爱的T恤们,2020,"[""杂论"",""散文随笔""]",[],Murakami T : the T-Shirts I Love,村上Ｔ　僕の愛したＴシャツたち,Not started,,"[""epub"",""PDF""]"
村上春树作品的引进与传播,2021,"[""学术"",""杂论"",""访谈""]",[],,,Not started,村上春树中国观 采访内容可引,"[""实体书""]"
小城与不确定的墙,2023,"[""小说""]",[],The City and Its Uncertain Walls 2024.11,街とその不確かな壁 有日文epub; 机翻中文epub; 中日英实体书,Not started,,"[""实体书"",""epub""]"
